0,0.0,0.0,-0.3476190476190476,-0.10476190476190476,-0.6523809523809524,-0.4238095238095238,-0.8380952380952381,-0.6857142857142857,-1.0,-0.8142857142857143,-0.5095238095238095,-0.6619047619047619,-0.6285714285714286,-0.8380952380952381,-0.5095238095238095,-0.6,-0.44761904761904764,-0.5428571428571428,-0.3142857142857143,-0.6952380952380952,-0.4238095238095238,-0.8476190476190476,-0.3333333333333333,-0.5476190476190477,-0.28095238095238095,-0.5285714285714286,-0.11904761904761904,-0.7047619047619048,-0.20476190476190476,-0.8571428571428571,-0.1619047619047619,-0.5714285714285714,-0.11428571428571428,-0.5285714285714286,0.0761904761904762,-0.6952380952380952,0.0,-0.8523809523809524,-0.009523809523809525,-0.6523809523809524,0.02857142857142857,-0.5761904761904761
0,0.0,0.0,-0.34579439252336447,-0.10747663551401869,-0.6401869158878505,-0.4205607476635514,-0.8317757009345794,-0.6682242990654206,-1.0,-0.7990654205607477,-0.49065420560747663,-0.6635514018691588,-0.6074766355140186,-0.8691588785046729,-0.514018691588785,-0.616822429906542,-0.4485981308411215,-0.5420560747663551,-0.3037383177570093,-0.6915887850467289,-0.40654205607476634,-0.8411214953271028,-0.3317757009345794,-0.5420560747663551,-0.2803738317757009,-0.5186915887850467,-0.12149532710280374,-0.6962616822429907,-0.205607476635514,-0.8504672897196262,-0.16822429906542055,-0.5747663551401869,-0.11682242990654206,-0.5233644859813084,0.06542056074766354,-0.6915887850467289,-0.004672897196261682,-0.8551401869158879,-0.018691588785046728,-0.6635514018691588,0.018691588785046728,-0.5841121495327103
0,0.0,0.0,-0.35046728971962615,-0.08878504672897196,-0.6588785046728972,-0.40186915887850466,-0.8411214953271028,-0.6588785046728972,-1.0,-0.7897196261682243,-0.5,-0.6588785046728972,-0.6261682242990654,-0.8551401869158879,-0.5327102803738317,-0.602803738317757,-0.46261682242990654,-0.5327102803738317,-0.3130841121495327,-0.6869158878504673,-0.4252336448598131,-0.8317757009345794,-0.35046728971962615,-0.5280373831775701,-0.2850467289719626,-0.5093457943925234,-0.1261682242990654,-0.6962616822429907,-0.22897196261682243,-0.8411214953271028,-0.18691588785046728,-0.5514018691588785,-0.12149532710280374,-0.5,0.06074766355140187,-0.6915887850467289,-0.02336448598130841,-0.8504672897196262,-0.03271028037383177,-0.6448598130841121,0.018691588785046728,-0.5654205607476636
0,0.0,0.0,-0.3427230046948357,-0.09859154929577464,-0.647887323943662,-0.4084507042253521,-0.8309859154929577,-0.6572769953051644,-1.0,-0.7934272300469484,-0.48826291079812206,-0.6807511737089202,-0.6197183098591549,-0.8732394366197183,-0.5258215962441315,-0.6244131455399061,-0.45539906103286387,-0.5446009389671361,-0.3051643192488263,-0.704225352112676,-0.4272300469483568,-0.8450704225352113,-0.3474178403755869,-0.5446009389671361,-0.2863849765258216,-0.5258215962441315,-0.12206572769953052,-0.7089201877934272,-0.2300469483568075,-0.8544600938967136,-0.18309859154929578,-0.568075117370892,-0.12206572769953052,-0.5164319248826291,0.07042253521126761,-0.704225352112676,-0.018779342723004695,-0.8544600938967136,-0.023474178403755867,-0.6572769953051644,0.018779342723004695,-0.5774647887323944
0,0.0,0.0,-0.34418604651162793,-0.11627906976744186,-0.6372093023255814,-0.42790697674418604,-0.8232558139534883,-0.6790697674418604,-1.0,-0.8093023255813954,-0.4697674418604651,-0.7069767441860465,-0.6186046511627907,-0.8744186046511628,-0.5209302325581395,-0.6232558139534884,-0.4418604651162791,-0.5581395348837209,-0.2837209302325581,-0.7302325581395349,-0.4232558139534884,-0.8511627906976744,-0.33488372093023255,-0.5534883720930233,-0.2651162790697674,-0.5348837209302325,-0.09767441860465116,-0.7302325581395349,-0.22325581395348837,-0.8511627906976744,-0.17209302325581396,-0.5674418604651162,-0.10232558139534884,-0.5302325581395348,0.09302325581395349,-0.7255813953488373,-0.009302325581395349,-0.8604651162790697,-0.013953488372093023,-0.6651162790697674,0.037209302325581395,-0.6
0,0.0,0.0,-0.33796296296296297,-0.08333333333333333,-0.6481481481481481,-0.39351851851851855,-0.8333333333333334,-0.6527777777777778,-1.0,-0.7824074074074074,-0.49074074074074076,-0.6666666666666666,-0.6203703703703703,-0.8379629629629629,-0.5185185185185185,-0.5879629629629629,-0.44907407407407407,-0.5138888888888888,-0.2962962962962963,-0.6990740740740741,-0.4166666666666667,-0.8240740740740741,-0.33796296296296297,-0.5277777777777778,-0.2824074074074074,-0.49537037037037035,-0.10185185185185185,-0.7037037037037037,-0.21296296296296297,-0.8287037037037037,-0.16666666666666666,-0.5324074074074074,-0.10648148148148148,-0.48148148148148145,0.09259259259259259,-0.6990740740740741,-0.009259259259259259,-0.8148148148148148,-0.004629629629629629,-0.6064814814814815,0.041666666666666664,-0.5509259259259259
0,0.0,0.0,-0.3378995433789954,-0.0821917808219178,-0.6529680365296804,-0.3972602739726027,-0.8356164383561644,-0.6575342465753424,-1.0,-0.7853881278538812,-0.5068493150684932,-0.6621004566210046,-0.6301369863013698,-0.8356164383561644,-0.5251141552511416,-0.5844748858447488,-0.4611872146118721,-0.5205479452054794,-0.3105022831050228,-0.6986301369863014,-0.4292237442922374,-0.8264840182648402,-0.3515981735159817,-0.5251141552511416,-0.2968036529680365,-0.4977168949771689,-0.1141552511415525,-0.7031963470319634,-0.228310502283105,-0.8310502283105022,-0.182648401826484,-0.5296803652968036,-0.1187214611872146,-0.4748858447488584,0.0776255707762557,-0.6986301369863014,-0.0319634703196347,-0.8127853881278538,-0.0273972602739726,-0.6027397260273972,0.0228310502283105,-0.5342465753424658
0,0.0,0.0,-0.3333333333333333,-0.08108108108108109,-0.6486486486486487,-0.3963963963963964,-0.8378378378378378,-0.6531531531531531,-1.0,-0.8063063063063063,-0.5180180180180181,-0.6621621621621622,-0.6216216216216216,-0.8603603603603603,-0.5225225225225225,-0.6081081081081081,-0.46396396396396394,-0.527027027027027,-0.3153153153153153,-0.7027027027027027,-0.40540540540540543,-0.8423423423423423,-0.33783783783783783,-0.545045045045045,-0.2972972972972973,-0.509009009009009,-0.11261261261261261,-0.7117117117117117,-0.20270270270270271,-0.8378378378378378,-0.16216216216216217,-0.5540540540540541,-0.12162162162162163,-0.5045045045045045,0.09009009009009009,-0.7117117117117117,0.0,-0.8378378378378378,-0.0045045045045045045,-0.6351351351351351,0.018018018018018018,-0.5630630630630631
0,0.0,0.0,-0.3288888888888889,-0.10666666666666667,-0.6311111111111111,-0.41333333333333333,-0.8311111111111111,-0.6622222222222223,-1.0,-0.8177777777777778,-0.5066666666666667,-0.68,-0.6266666666666667,-0.8666666666666667,-0.5155555555555555,-0.6133333333333333,-0.4533333333333333,-0.5555555555555556,-0.3111111111111111,-0.7155555555555555,-0.4177777777777778,-0.8488888888888889,-0.3377777777777778,-0.5466666666666666,-0.28444444444444444,-0.5377777777777778,-0.11555555555555555,-0.7244444444444444,-0.21333333333333335,-0.8444444444444444,-0.16444444444444445,-0.56,-0.1111111111111111,-0.5377777777777778,0.08,-0.72,-0.008888888888888889,-0.8533333333333334,-0.013333333333333334,-0.6533333333333333,0.03111111111111111,-0.5955555555555555
0,0.0,0.0,-0.3287671232876712,-0.1050228310502283,-0.634703196347032,-0.4292237442922374,-0.8264840182648402,-0.684931506849315,-1.0,-0.821917808219178,-0.5114155251141552,-0.6940639269406392,-0.6210045662100456,-0.8858447488584474,-0.5159817351598174,-0.6301369863013698,-0.4520547945205479,-0.5570776255707762,-0.3105022831050228,-0.726027397260274,-0.4155251141552511,-0.8721461187214612,-0.3333333333333333,-0.5616438356164384,-0.2785388127853881,-0.5342465753424658,-0.1095890410958904,-0.730593607305936,-0.1963470319634703,-0.8584474885844748,-0.1552511415525114,-0.5662100456621004,-0.1050228310502283,-0.5205479452054794,0.0867579908675799,-0.730593607305936,0.0091324200913242,-0.863013698630137,0.0,-0.6575342465753424,0.0319634703196347,-0.593607305936073
0,0.0,0.0,-0.33031674208144796,-0.09502262443438914,-0.6380090497737556,-0.3936651583710407,-0.832579185520362,-0.6425339366515838,-1.0,-0.7782805429864253,-0.502262443438914,-0.6425339366515838,-0.6199095022624435,-0.8416289592760181,-0.5203619909502263,-0.5972850678733032,-0.46153846153846156,-0.5203619909502263,-0.31221719457013575,-0.6832579185520362,-0.416289592760181,-0.8280542986425339,-0.3438914027149321,-0.5339366515837104,-0.2986425339366516,-0.5067873303167421,-0.12217194570135746,-0.6923076923076923,-0.2171945701357466,-0.8280542986425339,-0.17647058823529413,-0.5384615384615384,-0.12669683257918551,-0.48868778280542985,0.06787330316742081,-0.6923076923076923,-0.02262443438914027,-0.8190045248868778,-0.01809954751131222,-0.6244343891402715,0.02262443438914027,-0.5656108597285068
0,0.0,0.0,-0.3150684931506849,-0.0730593607305936,-0.6301369863013698,-0.3881278538812785,-0.8310502283105022,-0.639269406392694,-1.0,-0.776255707762557,-0.502283105022831,-0.6484018264840182,-0.6210045662100456,-0.8401826484018264,-0.5205479452054794,-0.593607305936073,-0.45662100456621,-0.5114155251141552,-0.3059360730593607,-0.684931506849315,-0.4200913242009132,-0.8264840182648402,-0.3424657534246575,-0.5296803652968036,-0.2876712328767123,-0.4885844748858447,-0.1141552511415525,-0.6894977168949772,-0.2191780821917808,-0.817351598173516,-0.1735159817351598,-0.5296803652968036,-0.1187214611872146,-0.4657534246575342,0.0821917808219178,-0.6940639269406392,-0.0228310502283105,-0.817351598173516,-0.0228310502283105,-0.6118721461187214,0.0228310502283105,-0.5388127853881278
0,0.0,0.0,-0.3242009132420091,-0.0867579908675799,-0.6301369863013698,-0.3835616438356164,-0.8310502283105022,-0.634703196347032,-1.0,-0.7808219178082192,-0.502283105022831,-0.639269406392694,-0.6164383561643836,-0.8356164383561644,-0.5159817351598174,-0.593607305936073,-0.4520547945205479,-0.5159817351598174,-0.3105022831050228,-0.680365296803653,-0.410958904109589,-0.8264840182648402,-0.3378995433789954,-0.5296803652968036,-0.2922374429223744,-0.5068493150684932,-0.1187214611872146,-0.6894977168949772,-0.2100456621004566,-0.8264840182648402,-0.1689497716894977,-0.547945205479452,-0.1232876712328767,-0.502283105022831,0.0776255707762557,-0.6894977168949772,-0.0136986301369863,-0.817351598173516,-0.0136986301369863,-0.6210045662100456,0.0273972602739726,-0.5616438356164384
0,0.0,0.0,-0.3211009174311927,-0.06422018348623854,-0.6422018348623854,-0.37155963302752293,-0.8348623853211009,-0.6376146788990825,-1.0,-0.7752293577981652,-0.5045871559633027,-0.6422018348623854,-0.6238532110091743,-0.8302752293577982,-0.5229357798165137,-0.5779816513761468,-0.463302752293578,-0.5045871559633027,-0.3119266055045872,-0.6788990825688074,-0.42660550458715596,-0.8165137614678899,-0.3486238532110092,-0.5137614678899083,-0.3073394495412844,-0.48623853211009177,-0.11926605504587157,-0.6926605504587156,-0.22935779816513763,-0.8256880733944955,-0.17889908256880735,-0.5275229357798165,-0.12844036697247707,-0.47706422018348627,0.07339449541284404,-0.6972477064220184,-0.03211009174311927,-0.8165137614678899,-0.022935779816513763,-0.6055045871559633,0.027522935779816515,-0.5458715596330275
0,0.0,0.0,-0.3211009174311927,-0.045871559633027525,-0.6513761467889908,-0.3577981651376147,-0.8394495412844036,-0.6284403669724771,-1.0,-0.7614678899082569,-0.5091743119266054,-0.6330275229357798,-0.6192660550458715,-0.8165137614678899,-0.518348623853211,-0.5596330275229358,-0.45871559633027525,-0.4954128440366973,-0.3119266055045872,-0.6697247706422018,-0.42201834862385323,-0.8073394495412844,-0.3486238532110092,-0.5,-0.2981651376146789,-0.481651376146789,-0.11926605504587157,-0.6834862385321101,-0.22018348623853212,-0.8211009174311926,-0.1743119266055046,-0.518348623853211,-0.11926605504587157,-0.47706422018348627,0.0779816513761468,-0.6926605504587156,-0.01834862385321101,-0.8073394495412844,-0.009174311926605505,-0.591743119266055,0.03669724770642202,-0.536697247706422
0,0.0,0.0,-0.3167420814479638,-0.06787330316742081,-0.6289592760180995,-0.36199095022624433,-0.8280542986425339,-0.6199095022624435,-1.0,-0.755656108597285,-0.5067873303167421,-0.6380090497737556,-0.6244343891402715,-0.8235294117647058,-0.5203619909502263,-0.5701357466063348,-0.45701357466063347,-0.502262443438914,-0.3167420814479638,-0.6787330316742082,-0.4253393665158371,-0.8054298642533937,-0.3438914027149321,-0.502262443438914,-0.2986425339366516,-0.4841628959276018,-0.12669683257918551,-0.6877828054298643,-0.23076923076923078,-0.8144796380090498,-0.18099547511312217,-0.5203619909502263,-0.12669683257918551,-0.4841628959276018,0.06334841628959276,-0.6877828054298643,-0.03619909502262444,-0.8054298642533937,-0.027149321266968326,-0.5972850678733032,0.01809954751131222,-0.5384615384615384
0,0.0,0.0,-0.32142857142857145,-0.08928571428571429,-0.6205357142857143,-0.375,-0.8258928571428571,-0.6160714285714286,-1.0,-0.7544642857142857,-0.5089285714285714,-0.6607142857142857,-0.6339285714285714,-0.8125,-0.5223214285714286,-0.5669642857142857,-0.45982142857142855,-0.5223214285714286,-0.3169642857142857,-0.6964285714285714,-0.4375,-0.8035714285714286,-0.35267857142857145,-0.5089285714285714,-0.3080357142857143,-0.5178571428571429,-0.12946428571428573,-0.7008928571428571,-0.24107142857142858,-0.8125,-0.19196428571428573,-0.5267857142857143,-0.13392857142857142,-0.5133928571428571,0.05803571428571429,-0.6964285714285714,-0.04017857142857143,-0.7991071428571429,-0.04017857142857143,-0.5982142857142857,0.004464285714285714,-0.5580357142857143
0,0.0,0.0,-0.32272727272727275,-0.08181818181818182,-0.6318181818181818,-0.37727272727272726,-0.8272727272727273,-0.6272727272727273,-1.0,-0.7681818181818182,-0.5045454545454545,-0.6681818181818182,-0.6318181818181818,-0.8227272727272728,-0.5227272727272727,-0.5681818181818182,-0.4590909090909091,-0.5272727272727272,-0.3090909090909091,-0.7,-0.42727272727272725,-0.8136363636363636,-0.35,-0.5136363636363637,-0.3090909090909091,-0.5227272727272727,-0.11818181818181818,-0.7045454545454546,-0.2318181818181818,-0.8227272727272728,-0.18181818181818182,-0.5318181818181819,-0.12727272727272726,-0.5272727272727272,0.07272727272727272,-0.7,-0.02727272727272727,-0.8090909090909091,-0.02727272727272727,-0.6090909090909091,0.01818181818181818,-0.5681818181818182
0,0.0,0.0,-0.32272727272727275,-0.08636363636363636,-0.6318181818181818,-0.37727272727272726,-0.8272727272727273,-0.6272727272727273,-1.0,-0.7727272727272727,-0.5045454545454545,-0.6636363636363637,-0.6318181818181818,-0.8272727272727273,-0.5272727272727272,-0.5727272727272728,-0.4636363636363636,-0.5227272727272727,-0.31363636363636366,-0.7,-0.4318181818181818,-0.8181818181818182,-0.35909090909090907,-0.5181818181818182,-0.30454545454545456,-0.5181818181818182,-0.12727272727272726,-0.7045454545454546,-0.23636363636363636,-0.8272727272727273,-0.19090909090909092,-0.5409090909090909,-0.1318181818181818,-0.5181818181818182,0.06363636363636363,-0.7,-0.03636363636363636,-0.8136363636363636,-0.04090909090909091,-0.6136363636363636,0.00909090909090909,-0.5636363636363636
0,0.0,0.0,-0.33181818181818185,-0.07727272727272727,-0.6363636363636364,-0.38181818181818183,-0.8227272727272728,-0.6318181818181818,-1.0,-0.7727272727272727,-0.5,-0.6636363636363637,-0.6318181818181818,-0.8181818181818182,-0.5272727272727272,-0.5681818181818182,-0.4590909090909091,-0.5136363636363637,-0.3090909090909091,-0.7,-0.43636363636363634,-0.8136363636363636,-0.35909090909090907,-0.5136363636363637,-0.3,-0.509090909090909,-0.11818181818181818,-0.7,-0.23636363636363636,-0.8227272727272728,-0.19090909090909092,-0.5363636363636364,-0.12727272727272726,-0.5045454545454545,0.07272727272727272,-0.6954545454545454,-0.031818181818181815,-0.8090909090909091,-0.03636363636363636,-0.6045454545454545,0.013636363636363636,-0.55
0,0.0,0.0,-0.3395348837209302,-0.06511627906976744,-0.6558139534883721,-0.3674418604651163,-0.8325581395348837,-0.6372093023255814,-1.0,-0.772093023255814,-0.5255813953488372,-0.6465116279069767,-0.6372093023255814,-0.827906976744186,-0.5395348837209303,-0.5720930232558139,-0.48372093023255813,-0.5116279069767442,-0.32558139534883723,-0.6883720930232559,-0.4372093023255814,-0.8232558139534883,-0.3674418604651163,-0.5162790697674419,-0.3209302325581395,-0.4930232558139535,-0.13023255813953488,-0.6976744186046512,-0.2372093023255814,-0.827906976744186,-0.19069767441860466,-0.5302325581395348,-0.13953488372093023,-0.48372093023255813,0.06511627906976744,-0.6976744186046512,-0.037209302325581395,-0.8186046511627907,-0.03255813953488372,-0.6093023255813953,0.013953488372093023,-0.5488372093023256
0,0.0,0.0,-0.3333333333333333,-0.08333333333333333,-0.6342592592592593,-0.375,-0.8287037037037037,-0.6296296296296297,-1.0,-0.7777777777777778,-0.5092592592592593,-0.6435185185185185,-0.625,-0.8287037037037037,-0.5231481481481481,-0.5833333333333334,-0.4583333333333333,-0.5185185185185185,-0.3148148148148148,-0.6851851851851852,-0.4166666666666667,-0.8240740740740741,-0.35185185185185186,-0.5277777777777778,-0.30092592592592593,-0.5,-0.12037037037037036,-0.6944444444444444,-0.2175925925925926,-0.8240740740740741,-0.18055555555555555,-0.5370370370370371,-0.125,-0.49074074074074076,0.0787037037037037,-0.6898148148148148,-0.018518518518518517,-0.8194444444444444,-0.018518518518518517,-0.6203703703703703,0.027777777777777776,-0.5555555555555556
0,0.0,0.0,-0.33488372093023255,-0.08372093023255814,-0.641860465116279,-0.39069767441860465,-0.8325581395348837,-0.6511627906976745,-1.0,-0.7953488372093023,-0.49767441860465117,-0.6558139534883721,-0.6232558139534884,-0.8418604651162791,-0.5255813953488372,-0.5953488372093023,-0.4558139534883721,-0.5162790697674419,-0.3023255813953488,-0.6976744186046512,-0.4186046511627907,-0.8232558139534883,-0.34418604651162793,-0.5255813953488372,-0.2837209302325581,-0.5023255813953489,-0.11162790697674418,-0.7069767441860465,-0.22325581395348837,-0.8372093023255814,-0.17674418604651163,-0.5534883720930233,-0.11627906976744186,-0.5116279069767442,0.08372093023255814,-0.7069767441860465,-0.018604651162790697,-0.8325581395348837,-0.023255813953488372,-0.627906976744186,0.023255813953488372,-0.5627906976744186
0,0.0,0.0,-0.33488372093023255,-0.07441860465116279,-0.641860465116279,-0.3767441860465116,-0.827906976744186,-0.6372093023255814,-1.0,-0.7674418604651163,-0.4930232558139535,-0.6465116279069767,-0.6139534883720931,-0.8325581395348837,-0.5116279069767442,-0.5767441860465117,-0.4511627906976744,-0.5069767441860465,-0.29767441860465116,-0.6837209302325581,-0.40930232558139534,-0.8186046511627907,-0.3395348837209302,-0.5162790697674419,-0.2930232558139535,-0.49767441860465117,-0.10697674418604651,-0.6883720930232559,-0.20930232558139536,-0.8232558139534883,-0.16744186046511628,-0.5302325581395348,-0.11627906976744186,-0.4883720930232558,0.08372093023255814,-0.6883720930232559,-0.009302325581395349,-0.8,-0.004651162790697674,-0.5953488372093023,0.037209302325581395,-0.5441860465116279
0,0.0,0.0,-0.32547169811320753,-0.07547169811320754,-0.6415094339622641,-0.38207547169811323,-0.8349056603773585,-0.6462264150943396,-1.0,-0.7971698113207547,-0.5047169811320755,-0.6650943396226415,-0.6273584905660378,-0.8490566037735849,-0.5235849056603774,-0.589622641509434,-0.45754716981132076,-0.5235849056603774,-0.30660377358490565,-0.7028301886792453,-0.42452830188679247,-0.8349056603773585,-0.3443396226415094,-0.5235849056603774,-0.2971698113207547,-0.5094339622641509,-0.10849056603773585,-0.7075471698113207,-0.22169811320754718,-0.8443396226415094,-0.16981132075471697,-0.5424528301886793,-0.1179245283018868,-0.5,0.08962264150943396,-0.7075471698113207,-0.014150943396226415,-0.8301886792452831,-0.009433962264150943,-0.6179245283018868,0.04245283018867924,-0.5566037735849056
0,0.0,0.0,-0.32558139534883723,-0.07906976744186046,-0.627906976744186,-0.37209302325581395,-0.8232558139534883,-0.627906976744186,-1.0,-0.7767441860465116,-0.49767441860465117,-0.6511627906976745,-0.6325581395348837,-0.827906976744186,-0.5302325581395348,-0.5767441860465117,-0.4604651162790698,-0.5116279069767442,-0.30697674418604654,-0.6930232558139535,-0.42790697674418604,-0.813953488372093,-0.3488372093023256,-0.5116279069767442,-0.28837209302325584,-0.4930232558139535,-0.11627906976744186,-0.6976744186046512,-0.23255813953488372,-0.8232558139534883,-0.1813953488372093,-0.5348837209302325,-0.12093023255813953,-0.4930232558139535,0.07906976744186046,-0.6930232558139535,-0.03255813953488372,-0.813953488372093,-0.027906976744186046,-0.6046511627906976,0.018604651162790697,-0.5395348837209303
0,0.0,0.0,-0.32547169811320753,-0.06132075471698113,-0.6462264150943396,-0.37264150943396224,-0.8301886792452831,-0.6415094339622641,-1.0,-0.7877358490566038,-0.5094339622641509,-0.6556603773584906,-0.6367924528301887,-0.839622641509434,-0.5330188679245284,-0.5801886792452831,-0.4669811320754717,-0.5094339622641509,-0.30660377358490565,-0.6933962264150944,-0.42924528301886794,-0.8254716981132075,-0.3490566037735849,-0.5141509433962265,-0.29245283018867924,-0.49056603773584906,-0.11320754716981132,-0.7028301886792453,-0.22641509433962265,-0.8254716981132075,-0.17452830188679244,-0.5283018867924528,-0.1179245283018868,-0.4858490566037736,0.08490566037735849,-0.7028301886792453,-0.018867924528301886,-0.8207547169811321,-0.018867924528301886,-0.6084905660377359,0.02830188679245283,-0.5471698113207547
0,0.0,0.0,-0.31797235023041476,-0.06451612903225806,-0.631336405529954,-0.3640552995391705,-0.8248847926267281,-0.6221198156682027,-1.0,-0.7603686635944701,-0.5023041474654378,-0.6451612903225806,-0.6267281105990783,-0.8202764976958525,-0.5207373271889401,-0.5668202764976958,-0.45622119815668205,-0.5069124423963134,-0.3087557603686636,-0.6820276497695853,-0.423963133640553,-0.8064516129032258,-0.3456221198156682,-0.4976958525345622,-0.2995391705069124,-0.4838709677419355,-0.11981566820276497,-0.6866359447004609,-0.22580645161290322,-0.8110599078341014,-0.17511520737327188,-0.5161290322580645,-0.11981566820276497,-0.4792626728110599,0.06912442396313365,-0.6866359447004609,-0.03225806451612903,-0.7926267281105991,-0.02304147465437788,-0.5852534562211982,0.02304147465437788,-0.5299539170506913
0,0.0,0.0,-0.3286384976525822,-0.07042253521126761,-0.6338028169014085,-0.3755868544600939,-0.8309859154929577,-0.6338028169014085,-1.0,-0.784037558685446,-0.5070422535211268,-0.6619718309859155,-0.6338028169014085,-0.8309859154929577,-0.5211267605633803,-0.5821596244131455,-0.45539906103286387,-0.5211267605633803,-0.30985915492957744,-0.6995305164319249,-0.4272300469483568,-0.8215962441314554,-0.3427230046948357,-0.5164319248826291,-0.29107981220657275,-0.5023474178403756,-0.11737089201877934,-0.7089201877934272,-0.2300469483568075,-0.8262910798122066,-0.17370892018779344,-0.5352112676056338,-0.11737089201877934,-0.49765258215962443,0.07511737089201878,-0.7089201877934272,-0.028169014084507043,-0.8169014084507042,-0.018779342723004695,-0.6103286384976526,0.03286384976525822,-0.5586854460093896
0,0.0,0.0,-0.3148148148148148,-0.07407407407407407,-0.6203703703703703,-0.37037037037037035,-0.8194444444444444,-0.6203703703703703,-1.0,-0.7638888888888888,-0.5092592592592593,-0.6574074074074074,-0.6296296296296297,-0.8240740740740741,-0.5231481481481481,-0.5787037037037037,-0.4583333333333333,-0.5185185185185185,-0.3148148148148148,-0.6990740740740741,-0.4212962962962963,-0.8101851851851852,-0.3425925925925926,-0.5092592592592593,-0.2962962962962963,-0.5046296296296297,-0.12037037037037036,-0.6990740740740741,-0.22685185185185186,-0.8194444444444444,-0.17592592592592593,-0.5324074074074074,-0.125,-0.5046296296296297,0.06944444444444445,-0.6990740740740741,-0.027777777777777776,-0.8009259259259259,-0.023148148148148147,-0.5925925925925926,0.018518518518518517,-0.5462962962962963
0,0.0,0.0,-0.32710280373831774,-0.07476635514018691,-0.6355140186915887,-0.37850467289719625,-0.8271028037383178,-0.6355140186915887,-1.0,-0.7710280373831776,-0.5046728971962616,-0.6542056074766355,-0.6355140186915887,-0.8177570093457944,-0.5280373831775701,-0.5747663551401869,-0.45794392523364486,-0.5093457943925234,-0.308411214953271,-0.6915887850467289,-0.42990654205607476,-0.8084112149532711,-0.35046728971962615,-0.5093457943925234,-0.2897196261682243,-0.49065420560747663,-0.11682242990654206,-0.6962616822429907,-0.2383177570093458,-0.8130841121495327,-0.1822429906542056,-0.5233644859813084,-0.12149532710280374,-0.48130841121495327,0.07476635514018691,-0.6962616822429907,-0.037383177570093455,-0.8084112149532711,-0.028037383177570093,-0.602803738317757,0.02336448598130841,-0.5420560747663551
0,0.0,0.0,-0.3286384976525822,-0.07981220657276995,-0.6338028169014085,-0.38028169014084506,-0.8262910798122066,-0.6384976525821596,-1.0,-0.784037558685446,-0.5070422535211268,-0.6619718309859155,-0.6338028169014085,-0.8356807511737089,-0.5305164319248826,-0.5868544600938967,-0.460093896713615,-0.5211267605633803,-0.30985915492957744,-0.6948356807511737,-0.4272300469483568,-0.8215962441314554,-0.352112676056338,-0.5211267605633803,-0.29577464788732394,-0.5070422535211268,-0.11737089201877934,-0.6995305164319249,-0.2300469483568075,-0.8262910798122066,-0.18309859154929578,-0.5352112676056338,-0.1267605633802817,-0.5023474178403756,0.07511737089201878,-0.6995305164319249,-0.028169014084507043,-0.8215962441314554,-0.028169014084507043,-0.6150234741784038,0.018779342723004695,-0.5586854460093896
0,0.0,0.0,-0.3222748815165877,-0.05687203791469194,-0.6445497630331753,-0.3696682464454976,-0.8293838862559242,-0.6398104265402843,-1.0,-0.7819905213270142,-0.4976303317535545,-0.6445497630331753,-0.6255924170616114,-0.8293838862559242,-0.5213270142180095,-0.5781990521327014,-0.45023696682464454,-0.5023696682464455,-0.2985781990521327,-0.6777251184834123,-0.41706161137440756,-0.8104265402843602,-0.33649289099526064,-0.5023696682464455,-0.2796208530805687,-0.47393364928909953,-0.10426540284360189,-0.6872037914691943,-0.21800947867298578,-0.8199052132701422,-0.16113744075829384,-0.5213270142180095,-0.10426540284360189,-0.46445497630331756,0.09004739336492891,-0.6872037914691943,-0.014218009478672985,-0.8104265402843602,0.0,-0.6018957345971564,0.04739336492890995,-0.5355450236966824
0,0.0,0.0,-0.3397129186602871,-0.0861244019138756,-0.6507177033492823,-0.3923444976076555,-0.8325358851674641,-0.6507177033492823,-1.0,-0.7990430622009569,-0.49282296650717705,-0.6650717703349283,-0.631578947368421,-0.8421052631578947,-0.5311004784688995,-0.5885167464114832,-0.45454545454545453,-0.5167464114832536,-0.2966507177033493,-0.6985645933014354,-0.4258373205741627,-0.8277511961722488,-0.3444976076555024,-0.5263157894736842,-0.2822966507177033,-0.5023923444976076,-0.10526315789473684,-0.7033492822966507,-0.22488038277511962,-0.8325358851674641,-0.17703349282296652,-0.5454545454545454,-0.11004784688995216,-0.5023923444976076,0.09090909090909091,-0.7033492822966507,-0.019138755980861243,-0.8277511961722488,-0.019138755980861243,-0.6172248803827751,0.03349282296650718,-0.5550239234449761
0,0.0,0.0,-0.3397129186602871,-0.07655502392344497,-0.645933014354067,-0.3827751196172249,-0.8325358851674641,-0.6507177033492823,-1.0,-0.784688995215311,-0.5023923444976076,-0.6555023923444976,-0.6267942583732058,-0.8373205741626795,-0.5263157894736842,-0.5885167464114832,-0.45933014354066987,-0.5167464114832536,-0.3014354066985646,-0.69377990430622,-0.41626794258373206,-0.8181818181818182,-0.3444976076555024,-0.5167464114832536,-0.28708133971291866,-0.49282296650717705,-0.10526315789473684,-0.6985645933014354,-0.215311004784689,-0.8277511961722488,-0.1722488038277512,-0.5358851674641149,-0.11483253588516747,-0.4880382775119617,0.09090909090909091,-0.69377990430622,-0.009569377990430622,-0.8229665071770335,-0.009569377990430622,-0.6124401913875598,0.03827751196172249,-0.5454545454545454
0,0.0,0.0,-0.3333333333333333,-0.07142857142857142,-0.6476190476190476,-0.38571428571428573,-0.8333333333333334,-0.6476190476190476,-1.0,-0.7857142857142857,-0.5,-0.6476190476190476,-0.6190476190476191,-0.8380952380952381,-0.5238095238095238,-0.5857142857142857,-0.45714285714285713,-0.5095238095238095,-0.3,-0.6857142857142857,-0.4142857142857143,-0.819047619047619,-0.3380952380952381,-0.5142857142857142,-0.28095238095238095,-0.48095238095238096,-0.10476190476190476,-0.6952380952380952,-0.21904761904761905,-0.8238095238095238,-0.16666666666666666,-0.5285714285714286,-0.10952380952380952,-0.4714285714285714,0.09047619047619047,-0.6952380952380952,-0.014285714285714285,-0.819047619047619,-0.009523809523809525,-0.6095238095238096,0.0380952380952381,-0.5380952380952381
0,0.0,0.0,-0.33175355450236965,-0.0995260663507109,-0.6350710900473934,-0.4028436018957346,-0.8293838862559242,-0.6540284360189573,-1.0,-0.7962085308056872,-0.4976303317535545,-0.6729857819905213,-0.6303317535545023,-0.8436018957345972,-0.5260663507109005,-0.5971563981042654,-0.4597156398104265,-0.5355450236966824,-0.3033175355450237,-0.7061611374407583,-0.4265402843601896,-0.8293838862559242,-0.3459715639810427,-0.5308056872037915,-0.2890995260663507,-0.5165876777251185,-0.10900473933649289,-0.7109004739336493,-0.22748815165876776,-0.8246445497630331,-0.17535545023696683,-0.5402843601895735,-0.11374407582938388,-0.5023696682464455,0.08530805687203792,-0.7014218009478673,-0.023696682464454975,-0.8293838862559242,-0.023696682464454975,-0.6255924170616114,0.03317535545023697,-0.5639810426540285
0,0.0,0.0,-0.3269230769230769,-0.07692307692307693,-0.6394230769230769,-0.3894230769230769,-0.8317307692307693,-0.6538461538461539,-1.0,-0.7932692307692307,-0.5096153846153846,-0.6538461538461539,-0.625,-0.8461538461538461,-0.5240384615384616,-0.5961538461538461,-0.4567307692307692,-0.5192307692307693,-0.3076923076923077,-0.6923076923076923,-0.41346153846153844,-0.8221153846153846,-0.3317307692307692,-0.5240384615384616,-0.27884615384615385,-0.49038461538461536,-0.11057692307692307,-0.7019230769230769,-0.20673076923076922,-0.8317307692307693,-0.15865384615384615,-0.5384615384615384,-0.11057692307692307,-0.4855769230769231,0.09134615384615384,-0.6971153846153846,-0.004807692307692308,-0.8269230769230769,0.0,-0.6153846153846154,0.038461538461538464,-0.5432692307692307
0,0.0,0.0,-0.3333333333333333,-0.07981220657276995,-0.6384976525821596,-0.38967136150234744,-0.8262910798122066,-0.6431924882629108,-1.0,-0.7746478873239436,-0.5023474178403756,-0.6431924882629108,-0.6197183098591549,-0.8215962441314554,-0.5117370892018779,-0.5774647887323944,-0.4507042253521127,-0.5117370892018779,-0.3051643192488263,-0.6807511737089202,-0.4131455399061033,-0.812206572769953,-0.3380281690140845,-0.5117370892018779,-0.29107981220657275,-0.4835680751173709,-0.107981220657277,-0.6901408450704225,-0.2112676056338028,-0.812206572769953,-0.1643192488262911,-0.5258215962441315,-0.11267605633802817,-0.47417840375586856,0.08450704225352113,-0.6901408450704225,-0.009389671361502348,-0.812206572769953,-0.004694835680751174,-0.6056338028169014,0.03755868544600939,-0.539906103286385
0,0.0,0.0,-0.3412322274881517,-0.09004739336492891,-0.6445497630331753,-0.4028436018957346,-0.8293838862559242,-0.6587677725118484,-1.0,-0.7914691943127962,-0.4976303317535545,-0.6587677725118484,-0.6161137440758294,-0.8388625592417062,-0.5165876777251185,-0.5924170616113744,-0.45023696682464454,-0.5308056872037915,-0.2985781990521327,-0.6966824644549763,-0.4075829383886256,-0.8199052132701422,-0.33649289099526064,-0.5213270142180095,-0.2843601895734597,-0.5071090047393365,-0.0995260663507109,-0.7014218009478673,-0.2037914691943128,-0.8246445497630331,-0.16113744075829384,-0.5402843601895735,-0.10900473933649289,-0.5023696682464455,0.0947867298578199,-0.7014218009478673,0.0,-0.8199052132701422,0.0,-0.6161137440758294,0.037914691943127965,-0.5545023696682464
0,0.0,0.0,-0.3317757009345794,-0.0794392523364486,-0.6401869158878505,-0.3878504672897196,-0.8271028037383178,-0.6448598130841121,-1.0,-0.780373831775701,-0.5,-0.6448598130841121,-0.6121495327102804,-0.8364485981308412,-0.514018691588785,-0.5934579439252337,-0.4532710280373832,-0.5186915887850467,-0.3037383177570093,-0.6822429906542056,-0.40654205607476634,-0.8084112149532711,-0.3364485981308411,-0.514018691588785,-0.2897196261682243,-0.49065420560747663,-0.11214953271028037,-0.6915887850467289,-0.2102803738317757,-0.8177570093457944,-0.16355140186915887,-0.5327102803738317,-0.11682242990654206,-0.48598130841121495,0.08411214953271028,-0.6915887850467289,-0.004672897196261682,-0.8130841121495327,-0.004672897196261682,-0.6074766355140186,0.04205607476635514,-0.5467289719626168
0,0.0,0.0,-0.33962264150943394,-0.08962264150943396,-0.6462264150943396,-0.4009433962264151,-0.8301886792452831,-0.6556603773584906,-1.0,-0.7924528301886793,-0.4858490566037736,-0.660377358490566,-0.6132075471698113,-0.8349056603773585,-0.5141509433962265,-0.589622641509434,-0.44339622641509435,-0.5283018867924528,-0.29245283018867924,-0.6981132075471698,-0.41037735849056606,-0.8207547169811321,-0.33490566037735847,-0.5330188679245284,-0.27358490566037735,-0.5047169811320755,-0.09905660377358491,-0.7028301886792453,-0.20754716981132076,-0.8301886792452831,-0.1650943396226415,-0.5471698113207547,-0.10377358490566038,-0.49528301886792453,0.09433962264150944,-0.6981132075471698,0.0,-0.8254716981132075,-0.009433962264150943,-0.6226415094339622,0.0330188679245283,-0.5471698113207547
0,0.0,0.0,-0.3380281690140845,-0.09859154929577464,-0.6384976525821596,-0.40375586854460094,-0.8262910798122066,-0.6572769953051644,-1.0,-0.7981220657276995,-0.49765258215962443,-0.6666666666666666,-0.6197183098591549,-0.8403755868544601,-0.5164319248826291,-0.596244131455399,-0.4460093896713615,-0.5352112676056338,-0.3004694835680751,-0.704225352112676,-0.4131455399061033,-0.8215962441314554,-0.3380281690140845,-0.5305164319248826,-0.28169014084507044,-0.5070422535211268,-0.107981220657277,-0.7089201877934272,-0.2112676056338028,-0.8262910798122066,-0.16901408450704225,-0.5446009389671361,-0.11267605633802817,-0.5117370892018779,0.08450704225352113,-0.704225352112676,-0.009389671361502348,-0.812206572769953,-0.014084507042253521,-0.6197183098591549,0.028169014084507043,-0.5633802816901409
0,0.0,0.0,-0.3411214953271028,-0.08878504672897196,-0.6495327102803738,-0.397196261682243,-0.8317757009345794,-0.6542056074766355,-1.0,-0.7850467289719626,-0.4953271028037383,-0.6588785046728972,-0.6214953271028038,-0.8271028037383178,-0.514018691588785,-0.5841121495327103,-0.4485981308411215,-0.5327102803738317,-0.29906542056074764,-0.6962616822429907,-0.4158878504672897,-0.8177570093457944,-0.3411214953271028,-0.5233644859813084,-0.2897196261682243,-0.5046728971962616,-0.102803738317757,-0.6962616822429907,-0.2102803738317757,-0.822429906542056,-0.16822429906542055,-0.5373831775700935,-0.11214953271028037,-0.4953271028037383,0.08878504672897196,-0.6915887850467289,-0.009345794392523364,-0.8130841121495327,-0.014018691588785047,-0.6121495327102804,0.03271028037383177,-0.5514018691588785
0,0.0,0.0,-0.3380281690140845,-0.0892018779342723,-0.6384976525821596,-0.39906103286384975,-0.8262910798122066,-0.6525821596244131,-1.0,-0.784037558685446,-0.49295774647887325,-0.6525821596244131,-0.6150234741784038,-0.8309859154929577,-0.5117370892018779,-0.5868544600938967,-0.4507042253521127,-0.5211267605633803,-0.3004694835680751,-0.6901408450704225,-0.4131455399061033,-0.8169014084507042,-0.3380281690140845,-0.5211267605633803,-0.29107981220657275,-0.49295774647887325,-0.107981220657277,-0.6901408450704225,-0.20657276995305165,-0.8215962441314554,-0.1643192488262911,-0.5305164319248826,-0.11267605633802817,-0.4835680751173709,0.08450704225352113,-0.6854460093896714,-0.004694835680751174,-0.8075117370892019,-0.004694835680751174,-0.6056338028169014,0.03286384976525822,-0.539906103286385
0,0.0,0.0,-0.34285714285714286,-0.09047619047619047,-0.6428571428571429,-0.4,-0.8285714285714286,-0.6523809523809524,-1.0,-0.7904761904761904,-0.5,-0.6571428571428571,-0.6238095238095238,-0.8333333333333334,-0.5190476190476191,-0.5904761904761905,-0.4523809523809524,-0.5238095238095238,-0.3,-0.6952380952380952,-0.4142857142857143,-0.8142857142857143,-0.34285714285714286,-0.5190476190476191,-0.2904761904761905,-0.5,-0.10476190476190476,-0.7,-0.20952380952380953,-0.8238095238095238,-0.16666666666666666,-0.5380952380952381,-0.11428571428571428,-0.5,0.09047619047619047,-0.6952380952380952,-0.004761904761904762,-0.8095238095238095,-0.004761904761904762,-0.6095238095238096,0.0380952380952381,-0.5571428571428572
0,0.0,0.0,-0.3349282296650718,-0.08133971291866028,-0.6411483253588517,-0.3923444976076555,-0.8277511961722488,-0.6555023923444976,-1.0,-0.7894736842105263,-0.5023923444976076,-0.6555023923444976,-0.6220095693779905,-0.8373205741626795,-0.5215311004784688,-0.5885167464114832,-0.45454545454545453,-0.5263157894736842,-0.3014354066985646,-0.6889952153110048,-0.41626794258373206,-0.8181818181818182,-0.3397129186602871,-0.5167464114832536,-0.291866028708134,-0.49760765550239233,-0.11004784688995216,-0.6985645933014354,-0.21052631578947367,-0.8277511961722488,-0.1674641148325359,-0.5358851674641149,-0.11483253588516747,-0.49282296650717705,0.0861244019138756,-0.6985645933014354,-0.009569377990430622,-0.8181818181818182,-0.004784688995215311,-0.6124401913875598,0.03827751196172249,-0.5502392344497608
0,0.0,0.0,-0.34134615384615385,-0.08653846153846154,-0.6442307692307693,-0.39903846153846156,-0.8317307692307693,-0.6634615384615384,-1.0,-0.8028846153846154,-0.5,-0.6682692307692307,-0.6298076923076923,-0.8509615384615384,-0.5288461538461539,-0.6009615384615384,-0.4567307692307692,-0.5240384615384616,-0.30288461538461536,-0.7019230769230769,-0.42788461538461536,-0.8269230769230769,-0.34615384615384615,-0.5240384615384616,-0.28846153846153844,-0.4951923076923077,-0.10576923076923077,-0.7115384615384616,-0.22596153846153846,-0.8317307692307693,-0.17307692307692307,-0.5384615384615384,-0.11538461538461539,-0.4855769230769231,0.09134615384615384,-0.7067307692307693,-0.019230769230769232,-0.8269230769230769,-0.014423076923076924,-0.6201923076923077,0.038461538461538464,-0.5576923076923077
0,0.0,0.0,-0.33497536945812806,-0.054187192118226604,-0.6551724137931034,-0.37438423645320196,-0.8325123152709359,-0.6502463054187192,-1.0,-0.7881773399014779,-0.4975369458128079,-0.6502463054187192,-0.625615763546798,-0.8374384236453202,-0.5320197044334976,-0.5812807881773399,-0.458128078817734,-0.5024630541871922,-0.30049261083743845,-0.6847290640394089,-0.4236453201970443,-0.8177339901477833,-0.3497536945812808,-0.5073891625615764,-0.28078817733990147,-0.4729064039408867,-0.10344827586206896,-0.6945812807881774,-0.22167487684729065,-0.8325123152709359,-0.1724137931034483,-0.5221674876847291,-0.10837438423645321,-0.4630541871921182,0.09359605911330049,-0.6945812807881774,-0.019704433497536946,-0.8226600985221675,-0.009852216748768473,-0.6009852216748769,0.04926108374384237,-0.5320197044334976
0,0.0,0.0,-0.34285714285714286,-0.08571428571428572,-0.6476190476190476,-0.3952380952380952,-0.8285714285714286,-0.6523809523809524,-1.0,-0.7857142857142857,-0.49523809523809526,-0.6666666666666666,-0.6285714285714286,-0.8333333333333334,-0.5238095238095238,-0.580952380952381,-0.45714285714285713,-0.5190476190476191,-0.3,-0.7,-0.42857142857142855,-0.8142857142857143,-0.3523809523809524,-0.5190476190476191,-0.2904761904761905,-0.5,-0.10952380952380952,-0.7047619047619048,-0.22857142857142856,-0.8285714285714286,-0.18095238095238095,-0.5380952380952381,-0.11428571428571428,-0.5,0.08571428571428572,-0.7047619047619048,-0.023809523809523808,-0.8142857142857143,-0.023809523809523808,-0.6095238095238096,0.02857142857142857,-0.5523809523809524
0,0.0,0.0,-0.32701421800947866,-0.07582938388625593,-0.6350710900473934,-0.3791469194312796,-0.8293838862559242,-0.6303317535545023,-1.0,-0.7677725118483413,-0.5071090047393365,-0.6445497630331753,-0.6303317535545023,-0.8246445497630331,-0.5260663507109005,-0.5781990521327014,-0.4597156398104265,-0.5118483412322274,-0.3127962085308057,-0.6872037914691943,-0.4312796208530806,-0.8056872037914692,-0.35071090047393366,-0.5071090047393365,-0.2985781990521327,-0.4928909952606635,-0.12322274881516587,-0.6919431279620853,-0.23222748815165878,-0.8104265402843602,-0.18009478672985782,-0.5260663507109005,-0.12322274881516587,-0.4928909952606635,0.07109004739336493,-0.6919431279620853,-0.02843601895734597,-0.8009478672985783,-0.023696682464454975,-0.5971563981042654,0.023696682464454975,-0.5450236966824644
0,0.0,0.0,-0.3349282296650718,-0.09090909090909091,-0.6411483253588517,-0.3923444976076555,-0.8277511961722488,-0.6507177033492823,-1.0,-0.7990430622009569,-0.49760765550239233,-0.6698564593301436,-0.631578947368421,-0.8421052631578947,-0.5311004784688995,-0.5933014354066986,-0.45933014354066987,-0.5263157894736842,-0.3062200956937799,-0.7081339712918661,-0.4258373205741627,-0.8277511961722488,-0.3492822966507177,-0.5215311004784688,-0.2966507177033493,-0.507177033492823,-0.11004784688995216,-0.7081339712918661,-0.22488038277511962,-0.8325358851674641,-0.17703349282296652,-0.5358851674641149,-0.11961722488038277,-0.49282296650717705,0.0861244019138756,-0.7033492822966507,-0.014354066985645933,-0.8277511961722488,-0.014354066985645933,-0.6172248803827751,0.03349282296650718,-0.5550239234449761
0,0.0,0.0,-0.3380281690140845,-0.0892018779342723,-0.6384976525821596,-0.38497652582159625,-0.8309859154929577,-0.6384976525821596,-1.0,-0.784037558685446,-0.5023474178403756,-0.6619718309859155,-0.6384976525821596,-0.8309859154929577,-0.5352112676056338,-0.5868544600938967,-0.4647887323943662,-0.5258215962441315,-0.30985915492957744,-0.6995305164319249,-0.43661971830985913,-0.8169014084507042,-0.3568075117370892,-0.5164319248826291,-0.3004694835680751,-0.5070422535211268,-0.11737089201877934,-0.704225352112676,-0.23943661971830985,-0.8169014084507042,-0.18309859154929578,-0.5305164319248826,-0.1267605633802817,-0.5023474178403756,0.07511737089201878,-0.704225352112676,-0.03286384976525822,-0.8075117370892019,-0.023474178403755867,-0.6056338028169014,0.028169014084507043,-0.5586854460093896
0,0.0,0.0,-0.3286384976525822,-0.0892018779342723,-0.6291079812206573,-0.38497652582159625,-0.8262910798122066,-0.6338028169014085,-1.0,-0.7793427230046949,-0.5023474178403756,-0.6572769953051644,-0.6338028169014085,-0.8262910798122066,-0.5258215962441315,-0.5821596244131455,-0.460093896713615,-0.5211267605633803,-0.30985915492957744,-0.6995305164319249,-0.431924882629108,-0.8169014084507042,-0.3474178403755869,-0.5164319248826291,-0.29577464788732394,-0.5023474178403756,-0.11737089201877934,-0.704225352112676,-0.2300469483568075,-0.8215962441314554,-0.1784037558685446,-0.5305164319248826,-0.12206572769953052,-0.49295774647887325,0.07511737089201878,-0.704225352112676,-0.028169014084507043,-0.8075117370892019,-0.023474178403755867,-0.6056338028169014,0.018779342723004695,-0.5492957746478874
0,0.0,0.0,-0.3333333333333333,-0.08571428571428572,-0.638095238095238,-0.3904761904761905,-0.8285714285714286,-0.6428571428571429,-1.0,-0.780952380952381,-0.5142857142857142,-0.6523809523809524,-0.6333333333333333,-0.8380952380952381,-0.5285714285714286,-0.5904761904761905,-0.4666666666666667,-0.5190476190476191,-0.319047619047619,-0.6952380952380952,-0.42857142857142855,-0.8142857142857143,-0.3476190476190476,-0.5190476190476191,-0.3047619047619048,-0.5,-0.12380952380952381,-0.7047619047619048,-0.22857142857142856,-0.8238095238095238,-0.1761904761904762,-0.5380952380952381,-0.12857142857142856,-0.5,0.07142857142857142,-0.7047619047619048,-0.02857142857142857,-0.8095238095238095,-0.023809523809523808,-0.6047619047619047,0.023809523809523808,-0.5523809523809524
0,0.0,0.0,-0.3397129186602871,-0.09569377990430622,-0.6363636363636364,-0.40669856459330145,-0.8277511961722488,-0.6602870813397129,-1.0,-0.7990430622009569,-0.49760765550239233,-0.6698564593301436,-0.6220095693779905,-0.84688995215311,-0.5167464114832536,-0.6028708133971292,-0.44976076555023925,-0.5311004784688995,-0.3062200956937799,-0.7033492822966507,-0.41626794258373206,-0.8325358851674641,-0.3397129186602871,-0.5358851674641149,-0.28708133971291866,-0.507177033492823,-0.11004784688995216,-0.7129186602870813,-0.215311004784689,-0.8421052631578947,-0.1722488038277512,-0.5550239234449761,-0.11961722488038277,-0.49760765550239233,0.08133971291866028,-0.7033492822966507,-0.009569377990430622,-0.8277511961722488,-0.009569377990430622,-0.6267942583732058,0.028708133971291867,-0.5598086124401914
0,0.0,0.0,-0.3380952380952381,-0.09047619047619047,-0.6428571428571429,-0.40476190476190477,-0.8285714285714286,-0.6619047619047619,-1.0,-0.7904761904761904,-0.49523809523809526,-0.6666666666666666,-0.6238095238095238,-0.8333333333333334,-0.5142857142857142,-0.5904761904761905,-0.44285714285714284,-0.5333333333333333,-0.3,-0.7,-0.4142857142857143,-0.8285714285714286,-0.3380952380952381,-0.5285714285714286,-0.2857142857142857,-0.5047619047619047,-0.10476190476190476,-0.7047619047619048,-0.21428571428571427,-0.8285714285714286,-0.16666666666666666,-0.5380952380952381,-0.10952380952380952,-0.49047619047619045,0.09047619047619047,-0.7,-0.009523809523809525,-0.819047619047619,-0.009523809523809525,-0.6142857142857143,0.03333333333333333,-0.5476190476190477
0,0.0,0.0,-0.33490566037735847,-0.09433962264150944,-0.6367924528301887,-0.4009433962264151,-0.8301886792452831,-0.660377358490566,-1.0,-0.7924528301886793,-0.4858490566037736,-0.6745283018867925,-0.6179245283018868,-0.8349056603773585,-0.5141509433962265,-0.5849056603773585,-0.4481132075471698,-0.5377358490566038,-0.2971698113207547,-0.7028301886792453,-0.41509433962264153,-0.8207547169811321,-0.33962264150943394,-0.5235849056603774,-0.28773584905660377,-0.5188679245283019,-0.10849056603773585,-0.7028301886792453,-0.2169811320754717,-0.8254716981132075,-0.17452830188679244,-0.5424528301886793,-0.11320754716981132,-0.5141509433962265,0.08018867924528301,-0.6981132075471698,-0.018867924528301886,-0.8160377358490566,-0.018867924528301886,-0.6132075471698113,0.0330188679245283,-0.5613207547169812
0,0.0,0.0,-0.32857142857142857,-0.09047619047619047,-0.6333333333333333,-0.3952380952380952,-0.8238095238095238,-0.6523809523809524,-1.0,-0.7857142857142857,-0.49047619047619045,-0.6619047619047619,-0.6142857142857143,-0.8333333333333334,-0.5095238095238095,-0.5857142857142857,-0.44285714285714284,-0.5285714285714286,-0.3,-0.6904761904761905,-0.4095238095238095,-0.819047619047619,-0.3333333333333333,-0.5190476190476191,-0.2904761904761905,-0.5047619047619047,-0.10476190476190476,-0.6952380952380952,-0.20952380952380953,-0.8285714285714286,-0.16666666666666666,-0.5380952380952381,-0.11428571428571428,-0.49523809523809526,0.08571428571428572,-0.6952380952380952,-0.009523809523809525,-0.8142857142857143,-0.009523809523809525,-0.6095238095238096,0.03333333333333333,-0.5476190476190477
0,0.0,0.0,-0.330188679245283,-0.09433962264150944,-0.6273584905660378,-0.39622641509433965,-0.8254716981132075,-0.6367924528301887,-1.0,-0.7688679245283019,-0.49528301886792453,-0.660377358490566,-0.6179245283018868,-0.8207547169811321,-0.5047169811320755,-0.5801886792452831,-0.44339622641509435,-0.5283018867924528,-0.30660377358490565,-0.6933962264150944,-0.41509433962264153,-0.8066037735849056,-0.330188679245283,-0.5188679245283019,-0.29245283018867924,-0.5094339622641509,-0.1179245283018868,-0.6981132075471698,-0.2169811320754717,-0.8160377358490566,-0.1650943396226415,-0.5330188679245284,-0.1179245283018868,-0.5094339622641509,0.0660377358490566,-0.6981132075471698,-0.018867924528301886,-0.8113207547169812,-0.014150943396226415,-0.6084905660377359,0.02358490566037736,-0.5566037735849056
0,0.0,0.0,-0.3287037037037037,-0.08796296296296297,-0.625,-0.38425925925925924,-0.8240740740740741,-0.625,-1.0,-0.7453703703703703,-0.5,-0.6342592592592593,-0.6111111111111112,-0.8101851851851852,-0.5,-0.5694444444444444,-0.4444444444444444,-0.5138888888888888,-0.3148148148148148,-0.6712962962962963,-0.41203703703703703,-0.8009259259259259,-0.3333333333333333,-0.5092592592592593,-0.30092592592592593,-0.5,-0.12962962962962962,-0.6805555555555556,-0.2175925925925926,-0.8055555555555556,-0.1712962962962963,-0.5324074074074074,-0.12962962962962962,-0.5,0.05555555555555555,-0.6851851851851852,-0.027777777777777776,-0.7962962962962963,-0.023148148148148147,-0.6018518518518519,0.013888888888888888,-0.5509259259259259
0,0.0,0.0,-0.32710280373831774,-0.09345794392523364,-0.6214953271028038,-0.3925233644859813,-0.8177570093457944,-0.6261682242990654,-1.0,-0.7429906542056075,-0.5046728971962616,-0.6448598130841121,-0.6214953271028038,-0.8084112149532711,-0.5046728971962616,-0.5700934579439252,-0.4439252336448598,-0.5280373831775701,-0.3177570093457944,-0.6822429906542056,-0.4158878504672897,-0.7990654205607477,-0.3364485981308411,-0.5093457943925234,-0.29906542056074764,-0.5093457943925234,-0.1308411214953271,-0.6869158878504673,-0.22429906542056074,-0.8037383177570093,-0.17289719626168223,-0.5280373831775701,-0.1308411214953271,-0.5093457943925234,0.056074766355140186,-0.6869158878504673,-0.028037383177570093,-0.8037383177570093,-0.02336448598130841,-0.6074766355140186,0.009345794392523364,-0.5560747663551402
0,0.0,0.0,-0.32242990654205606,-0.09345794392523364,-0.6214953271028038,-0.3878504672897196,-0.822429906542056,-0.6214953271028038,-1.0,-0.7429906542056075,-0.49065420560747663,-0.6448598130841121,-0.616822429906542,-0.8084112149532711,-0.5,-0.5654205607476636,-0.43457943925233644,-0.5280373831775701,-0.29906542056074764,-0.6822429906542056,-0.4158878504672897,-0.7990654205607477,-0.3317757009345794,-0.5093457943925234,-0.2850467289719626,-0.5093457943925234,-0.11682242990654206,-0.6915887850467289,-0.21962616822429906,-0.8037383177570093,-0.16822429906542055,-0.5327102803738317,-0.11682242990654206,-0.5186915887850467,0.06542056074766354,-0.6915887850467289,-0.018691588785046728,-0.8037383177570093,-0.018691588785046728,-0.616822429906542,0.02336448598130841,-0.5700934579439252
0,0.0,0.0,-0.3302325581395349,-0.10232558139534884,-0.6232558139534884,-0.3953488372093023,-0.8232558139534883,-0.627906976744186,-1.0,-0.7488372093023256,-0.4883720930232558,-0.6465116279069767,-0.6093023255813953,-0.8093023255813954,-0.5023255813953489,-0.5767441860465117,-0.4418604651162791,-0.5255813953488372,-0.3023255813953488,-0.6837209302325581,-0.413953488372093,-0.8,-0.3302325581395349,-0.5162790697674419,-0.28837209302325584,-0.5116279069767442,-0.11627906976744186,-0.6883720930232559,-0.2186046511627907,-0.8046511627906977,-0.17209302325581396,-0.5302325581395348,-0.12093023255813953,-0.5023255813953489,0.06976744186046512,-0.6883720930232559,-0.023255813953488372,-0.8046511627906977,-0.023255813953488372,-0.6093023255813953,0.018604651162790697,-0.5534883720930233
0,0.0,0.0,-0.32242990654205606,-0.09345794392523364,-0.616822429906542,-0.37850467289719625,-0.822429906542056,-0.6121495327102804,-1.0,-0.7336448598130841,-0.48130841121495327,-0.6355140186915887,-0.6121495327102804,-0.8084112149532711,-0.5046728971962616,-0.5700934579439252,-0.4392523364485981,-0.5046728971962616,-0.29906542056074764,-0.6728971962616822,-0.4158878504672897,-0.794392523364486,-0.3317757009345794,-0.5046728971962616,-0.2850467289719626,-0.48598130841121495,-0.11682242990654206,-0.677570093457944,-0.21962616822429906,-0.7990654205607477,-0.16822429906542055,-0.5233644859813084,-0.11682242990654206,-0.49065420560747663,0.06542056074766354,-0.677570093457944,-0.028037383177570093,-0.7897196261682243,-0.02336448598130841,-0.5981308411214953,0.02336448598130841,-0.5420560747663551
0,0.0,0.0,-0.3333333333333333,-0.10328638497652583,-0.6244131455399061,-0.39436619718309857,-0.8262910798122066,-0.6244131455399061,-1.0,-0.7511737089201878,-0.49295774647887325,-0.6431924882629108,-0.6244131455399061,-0.812206572769953,-0.5117370892018779,-0.5774647887323944,-0.4413145539906103,-0.5164319248826291,-0.3051643192488263,-0.6807511737089202,-0.41784037558685444,-0.7934272300469484,-0.3333333333333333,-0.5070422535211268,-0.28169014084507044,-0.49295774647887325,-0.11737089201877934,-0.6901408450704225,-0.22535211267605634,-0.7981220657276995,-0.16901408450704225,-0.5305164319248826,-0.11737089201877934,-0.49765258215962443,0.07042253521126761,-0.6854460093896714,-0.023474178403755867,-0.7934272300469484,-0.018779342723004695,-0.6009389671361502,0.028169014084507043,-0.5539906103286385
0,0.0,0.0,-0.32857142857142857,-0.1,-0.6190476190476191,-0.3904761904761905,-0.8238095238095238,-0.6238095238095238,-1.0,-0.7476190476190476,-0.49523809523809526,-0.6523809523809524,-0.6238095238095238,-0.819047619047619,-0.5095238095238095,-0.580952380952381,-0.44285714285714284,-0.5190476190476191,-0.3142857142857143,-0.6904761904761905,-0.42857142857142855,-0.8095238095238095,-0.3476190476190476,-0.5238095238095238,-0.3,-0.5095238095238095,-0.12857142857142856,-0.6904761904761905,-0.23809523809523808,-0.8095238095238095,-0.18571428571428572,-0.5380952380952381,-0.13333333333333333,-0.5047619047619047,0.05238095238095238,-0.6857142857142857,-0.04285714285714286,-0.8,-0.04285714285714286,-0.6047619047619047,0.0,-0.5523809523809524a,0.0,0.0,-0.3076923076923077,-0.08653846153846154,-0.6057692307692307,-0.3942307692307692,-0.7884615384615384,-0.7115384615384616,-0.9519230769230769,-0.9326923076923077,-0.5480769230769231,-0.7884615384615384,-0.36538461538461536,-1.0,-0.34615384615384615,-0.7211538461538461,-0.46153846153846156,-0.6538461538461539,-0.3173076923076923,-0.8173076923076923,-0.16346153846153846,-1.0,-0.16346153846153846,-0.6538461538461539,-0.28846153846153844,-0.6442307692307693,-0.10576923076923077,-0.8173076923076923,0.019230769230769232,-0.9711538461538461,0.0,-0.6634615384615384,-0.10576923076923077,-0.6442307692307693,0.09615384615384616,-0.8173076923076923,0.17307692307692307,-0.9711538461538461,0.14423076923076922,-0.7596153846153846,0.057692307692307696,-0.6923076923076923
0,0.0,0.0,-0.12994350282485875,-0.0847457627118644,-0.23728813559322035,-0.24293785310734464,-0.24858757062146894,-0.423728813559322,-0.2655367231638418,-0.5875706214689266,-0.4067796610169492,-0.4915254237288136,-0.480225988700565,-0.7231638418079096,-0.5141242937853108,-0.864406779661017,-0.5536723163841808,-1.0,-0.2655367231638418,-0.5310734463276836,-0.1638418079096045,-0.6101694915254238,-0.0903954802259887,-0.4180790960451977,-0.096045197740113,-0.3107344632768362,-0.12429378531073447,-0.536723163841808,-0.02824858757062147,-0.576271186440678,0.005649717514124294,-0.3954802259887006,-0.022598870056497175,-0.3220338983050847,0.005649717514124294,-0.5141242937853108,0.0847457627118644,-0.5649717514124294,0.096045197740113,-0.4350282485875706,0.062146892655367235,-0.3672316384180791
